id,category,feature,airtable,notion,clickup,baserow,nocodb,paperos_issue,paperos_status,tier,notes,source
VT-001,view-types,Grid / table view,yes,yes,yes,yes,yes,PAP-341,planned,P0,"Airtable grid, Notion table, ClickUp Table, Baserow GridViewType, NocoDB GRID=3.",https://support.airtable.com/docs/getting-started-with-airtable-views (accessed 2026-09-19)
VT-002,view-types,"List view (dense rows, phone-first)",yes,yes,yes,no,yes,PAP-619,planned,P0,ClickUp List is its default task view; NocoDB LIST=7.,https://clickup.com/features/views (accessed 2026-09-19)
VT-003,view-types,Kanban / board view,yes,yes,yes,paid,yes,PAP-167,planned,P0,Baserow KanbanViewType lives in baserow_premium.,https://gitlab.com/baserow/baserow/-/raw/develop/premium/backend/src/baserow_premium/views/view_types.py (accessed 2026-09-19)
VT-004,view-types,Calendar view,yes,yes,yes,paid,yes,PAP-344,planned,P0,Baserow CalendarViewType is premium; NocoDB CALENDAR=6.,https://gitlab.com/baserow/baserow/-/raw/develop/premium/backend/src/baserow_premium/views/view_types.py (accessed 2026-09-19)
VT-005,view-types,Timeline view,yes,yes,yes,paid,yes,PAP-345,planned,P0,Airtable timeline is a paid-plan view; Baserow TimelineViewType is premium.,https://gitlab.com/baserow/baserow/-/raw/develop/premium/backend/src/baserow_premium/views/view_types.py (accessed 2026-09-19)
VT-006,view-types,Gantt view with dependencies,yes,no,yes,partial,yes,PAP-346,planned,P0,Baserow timeline covers bars but not dependency arrows; NocoDB GANTT=9.,https://raw.githubusercontent.com/nocodb/nocodb/develop/packages/nocodb-sdk/src/lib/globals.ts (accessed 2026-09-19)
VT-007,view-types,Gallery / card view,yes,yes,no,yes,yes,PAP-619,planned,P0,ClickUp has no gallery; cards live on Board.,https://gitlab.com/baserow/baserow/-/raw/develop/backend/src/baserow/contrib/database/views/view_types.py (accessed 2026-09-19)
VT-008,view-types,Form view,yes,yes,yes,yes,yes,PAP-620,planned,P0,Baserow FormViewType; NocoDB FORM=1.,https://gitlab.com/baserow/baserow/-/raw/develop/backend/src/baserow/contrib/database/views/view_types.py (accessed 2026-09-19)
VT-009,view-types,Map view,paid,no,yes,no,yes,PAP-622,planned,P0,Airtable map is an extension on paid plans; NocoDB MAP=5.,https://raw.githubusercontent.com/nocodb/nocodb/develop/packages/nocodb-sdk/src/lib/globals.ts (accessed 2026-09-19)
VT-010,view-types,Chart view,paid,yes,no,paid,no,PAP-621,planned,P0,Notion ships a Chart layout; Airtable charts are extensions / interfaces.,https://www.notion.com/help/views-filters-and-sorts (accessed 2026-09-19)
VT-011,view-types,Dashboard page composing many blocks,paid,partial,yes,paid,no,PAP-173,planned,P0,Airtable Interface Designer; ClickUp Dashboards; Notion needs a page of linked views. Umbrella owns the feature; children own the slices.,https://support.airtable.com/docs/getting-started-with-airtable-views (accessed 2026-09-19)
VT-012,view-types,Workload / capacity view,no,no,yes,no,no,PAP-634,planned,P2,ClickUp Workload visualises team bandwidth.,https://clickup.com/features/views (accessed 2026-09-19)
VT-013,view-types,Activity view (cross-record feed),no,no,yes,no,no,PAP-333,planned,P0,ClickUp Activity; PaperOS ships per-record timelines first.,https://clickup.com/features/views (accessed 2026-09-19)
VT-014,view-types,Pivot / summary table,paid,no,no,no,no,PAP-635,planned,P2,Airtable pivot is an extension; deferred to v0.2.,https://support.airtable.com/docs/getting-started-with-airtable-views (accessed 2026-09-19)
VT-015,view-types,Mind map view,no,no,yes,no,no,gap,wontdo,P2,Declined for v0.1: ClickUp Mind Map has no data-table analogue in PaperOS.,https://clickup.com/features/views (accessed 2026-09-19)
VT-016,view-types,Whiteboard view,no,no,yes,no,no,PAP-132,planned,P0,"ClickUp Whiteboards; owned by the canvas project, not the views engine.",https://clickup.com/features/views (accessed 2026-09-19)
VT-017,view-types,Embed view (iframe of an external tool),no,yes,yes,no,no,PAP-386,planned,P0,ClickUp Embed; lands as a dashboard block kind behind an origin allowlist.,https://clickup.com/features/views (accessed 2026-09-19)
VT-018,view-types,Hierarchy / tree rows inside a table view,no,partial,yes,no,no,PAP-633,planned,P2,ClickUp subtasks in List; Notion sub-items. Deferred to v0.2.,https://clickup.com/features/views (accessed 2026-09-19)
VT-019,view-types,"One dataset, many saved views of different kinds",yes,yes,yes,yes,yes,PAP-623,planned,P0,Airtable: a table can have multiple views and multiple view types.,https://support.airtable.com/docs/getting-started-with-airtable-views (accessed 2026-09-19)
VT-020,view-types,Pluggable renderer registry for new view kinds,no,no,no,partial,partial,PAP-614,planned,P0,Baserow and NocoDB register view types in code; no product exposes it to tenants.,https://gitlab.com/baserow/baserow/-/raw/develop/backend/src/baserow/contrib/database/views/view_types.py (accessed 2026-09-19)
VT-021,view-types,Unsupported/unknown view kind survives a round trip,no,no,no,no,no,PAP-993,planned,P0,PaperOS-only: persist unknown kinds with an upgrade hook.,https://raw.githubusercontent.com/nocodb/nocodb/develop/packages/nocodb-sdk/src/lib/globals.ts (accessed 2026-09-19)
FT-001,field-types,Single line text,yes,yes,yes,yes,yes,PAP-164,planned,P0,"Airtable Single line text, Baserow text, NocoDB SingleLineText. Umbrella owns the feature; children own the slices.",https://support.airtable.com/docs/supported-field-types-in-airtable-overview (accessed 2026-09-19)
FT-002,field-types,Long text / multi-line,yes,yes,yes,yes,yes,PAP-338,planned,P0,Baserow long_text; NocoDB LongText.,https://support.airtable.com/docs/supported-field-types-in-airtable-overview (accessed 2026-09-19)
FT-003,field-types,Rich text (formatted body),partial,yes,partial,partial,yes,PAP-627,planned,P0,Airtable long text has rich-text toggle; NocoDB has Rich text.,https://nocodb.com/docs/product-docs/fields/fields-overview (accessed 2026-09-19)
FT-004,field-types,Number,yes,yes,yes,yes,yes,PAP-338,planned,P0,NocoDB splits Number and Decimal.,https://nocodb.com/docs/product-docs/fields/fields-overview (accessed 2026-09-19)
FT-005,field-types,Currency,yes,partial,yes,partial,yes,PAP-995,planned,P0,Notion formats a number as currency; Baserow via number options. Money type owns exponent.,https://support.airtable.com/docs/supported-field-types-in-airtable-overview (accessed 2026-09-19)
FT-006,field-types,Percent,yes,partial,no,partial,yes,PAP-338,planned,P0,NocoDB Percent UIType.,https://raw.githubusercontent.com/nocodb/nocodb/develop/packages/nocodb-sdk/src/lib/UITypes.ts (accessed 2026-09-19)
FT-007,field-types,Checkbox / boolean,yes,yes,yes,yes,yes,PAP-338,planned,P0,Baserow boolean; NocoDB Checkbox.,https://support.airtable.com/docs/supported-field-types-in-airtable-overview (accessed 2026-09-19)
FT-008,field-types,Rating,yes,no,no,yes,yes,PAP-338,planned,P0,Baserow RatingFieldType; NocoDB Rating.,https://gitlab.com/baserow/baserow/-/raw/develop/backend/src/baserow/contrib/database/fields/field_types.py (accessed 2026-09-19)
FT-009,field-types,URL,yes,yes,yes,yes,yes,PAP-338,planned,P0,Baserow url; NocoDB URL.,https://support.airtable.com/docs/supported-field-types-in-airtable-overview (accessed 2026-09-19)
FT-010,field-types,Email,yes,yes,yes,yes,yes,PAP-338,planned,P0,Baserow EmailField; NocoDB Email.,https://gitlab.com/baserow/baserow/-/raw/develop/backend/src/baserow/contrib/database/fields/models.py (accessed 2026-09-19)
FT-011,field-types,Phone number,yes,yes,yes,yes,yes,PAP-338,planned,P0,Baserow PhoneNumberField; NocoDB PhoneNumber.,https://gitlab.com/baserow/baserow/-/raw/develop/backend/src/baserow/contrib/database/fields/models.py (accessed 2026-09-19)
FT-012,field-types,Date (no time),yes,yes,yes,yes,yes,PAP-338,planned,P0,Baserow date; NocoDB Date.,https://support.airtable.com/docs/supported-field-types-in-airtable-overview (accessed 2026-09-19)
FT-013,field-types,Date and time with timezone,yes,yes,yes,yes,yes,PAP-338,planned,P0,Baserow date field carries timezone options; NocoDB DateTime.,https://baserow.io/user-docs (accessed 2026-09-19)
FT-014,field-types,Time of day (no date),no,no,no,no,yes,PAP-627,planned,P0,NocoDB Time UIType; Airtable folds it into date formatting.,https://raw.githubusercontent.com/nocodb/nocodb/develop/packages/nocodb-sdk/src/lib/UITypes.ts (accessed 2026-09-19)
FT-015,field-types,Duration,yes,no,no,yes,yes,PAP-627,planned,P0,Airtable Duration; Baserow DurationFieldType; NocoDB Duration.,https://gitlab.com/baserow/baserow/-/raw/develop/backend/src/baserow/contrib/database/fields/field_types.py (accessed 2026-09-19)
FT-016,field-types,Single select,yes,yes,yes,yes,yes,PAP-339,planned,P0,Baserow SingleSelectField; NocoDB SingleSelect.,https://gitlab.com/baserow/baserow/-/raw/develop/backend/src/baserow/contrib/database/fields/models.py (accessed 2026-09-19)
FT-017,field-types,Multiple select,yes,yes,yes,yes,yes,PAP-339,planned,P0,ClickUp labels; Baserow MultipleSelectField.,https://developer.clickup.com/docs/customfields (accessed 2026-09-19)
FT-018,field-types,Status field with todo/doing/done groups,no,yes,yes,no,no,PAP-339,planned,P0,Notion Status property; select options gain a group in PaperOS.,https://www.notion.com/help/database-properties (accessed 2026-09-19)
FT-019,field-types,User / collaborator (single and multiple),yes,yes,yes,yes,yes,PAP-339,planned,P0,Airtable User; Baserow MultipleCollaboratorsField; NocoDB User and Collaborator.,https://gitlab.com/baserow/baserow/-/raw/develop/backend/src/baserow/contrib/database/fields/models.py (accessed 2026-09-19)
FT-020,field-types,Attachment / file,yes,yes,yes,yes,yes,PAP-339,planned,P0,Notion File; Baserow FileField; NocoDB Attachment.,https://gitlab.com/baserow/baserow/-/raw/develop/backend/src/baserow/contrib/database/fields/models.py (accessed 2026-09-19)
FT-021,field-types,Link to another record (relation),yes,yes,yes,yes,yes,PAP-340,planned,P0,Baserow LinkRowField; NocoDB Links and LinkToAnotherRecord.,https://gitlab.com/baserow/baserow/-/raw/develop/backend/src/baserow/contrib/database/fields/models.py (accessed 2026-09-19)
FT-022,field-types,Lookup of a linked record's field,yes,yes,no,yes,yes,PAP-340,planned,P0,Baserow LookupField; NocoDB Lookup.,https://gitlab.com/baserow/baserow/-/raw/develop/backend/src/baserow/contrib/database/fields/models.py (accessed 2026-09-19)
FT-023,field-types,Rollup (aggregate over linked records),yes,yes,no,yes,yes,PAP-340,planned,P0,Baserow RollupField; NocoDB Rollup.,https://gitlab.com/baserow/baserow/-/raw/develop/backend/src/baserow/contrib/database/fields/models.py (accessed 2026-09-19)
FT-024,field-types,Formula,yes,yes,yes,yes,yes,PAP-382,planned,P0,Baserow FormulaField; NocoDB Formula.,https://gitlab.com/baserow/baserow/-/raw/develop/backend/src/baserow/contrib/database/fields/models.py (accessed 2026-09-19)
FT-025,field-types,Autonumber,yes,partial,no,yes,yes,PAP-616,planned,P0,Notion ID property; Baserow AutonumberField; NocoDB AutoNumber.,https://gitlab.com/baserow/baserow/-/raw/develop/backend/src/baserow/contrib/database/fields/models.py (accessed 2026-09-19)
FT-026,field-types,Created time,yes,yes,yes,yes,yes,PAP-616,planned,P0,Baserow created_on; NocoDB CreatedTime.,https://gitlab.com/baserow/baserow/-/raw/develop/backend/src/baserow/contrib/database/fields/field_types.py (accessed 2026-09-19)
FT-027,field-types,Last modified time,yes,yes,yes,yes,yes,PAP-616,planned,P0,Baserow last_modified; NocoDB LastModifiedTime.,https://gitlab.com/baserow/baserow/-/raw/develop/backend/src/baserow/contrib/database/fields/field_types.py (accessed 2026-09-19)
FT-028,field-types,Created by,yes,yes,yes,yes,yes,PAP-616,planned,P0,Baserow created_by; NocoDB CreatedBy.,https://gitlab.com/baserow/baserow/-/raw/develop/backend/src/baserow/contrib/database/fields/field_types.py (accessed 2026-09-19)
FT-029,field-types,Last modified by,yes,yes,no,yes,yes,PAP-616,planned,P0,Baserow last_modified_by; NocoDB LastModifiedBy.,https://gitlab.com/baserow/baserow/-/raw/develop/backend/src/baserow/contrib/database/fields/field_types.py (accessed 2026-09-19)
FT-030,field-types,Button field triggering an action,yes,yes,no,yes,yes,PAP-389,planned,P0,Notion Button property; Baserow ButtonField; NocoDB Button.,https://www.notion.com/help/database-properties (accessed 2026-09-19)
FT-031,field-types,Barcode field,yes,no,no,no,yes,gap,wontdo,P2,Declined for v0.1: Airtable Barcode and NocoDB Barcode; no PaperOS demand yet.,https://support.airtable.com/docs/supported-field-types-in-airtable-overview (accessed 2026-09-19)
FT-032,field-types,QR code field,no,no,no,no,yes,gap,wontdo,P2,Declined for v0.1: NocoDB QrCode only.,https://raw.githubusercontent.com/nocodb/nocodb/develop/packages/nocodb-sdk/src/lib/UITypes.ts (accessed 2026-09-19)
FT-033,field-types,Geo / location point,no,yes,yes,no,yes,PAP-622,planned,P0,Notion Place; ClickUp location; NocoDB GeoData and Geometry.,https://raw.githubusercontent.com/nocodb/nocodb/develop/packages/nocodb-sdk/src/lib/UITypes.ts (accessed 2026-09-19)
FT-034,field-types,JSON field,no,no,no,no,yes,PAP-627,planned,P0,NocoDB JSON UIType.,https://raw.githubusercontent.com/nocodb/nocodb/develop/packages/nocodb-sdk/src/lib/UITypes.ts (accessed 2026-09-19)
FT-035,field-types,Progress / percent-complete field,no,no,yes,no,no,PAP-627,planned,P0,ClickUp automatic_progress and manual_progress.,https://developer.clickup.com/docs/customfields (accessed 2026-09-19)
FT-036,field-types,UUID field,no,no,no,yes,yes,PAP-616,planned,P0,Baserow UUIDField; NocoDB UUID.,https://gitlab.com/baserow/baserow/-/raw/develop/backend/src/baserow/contrib/database/fields/models.py (accessed 2026-09-19)
FT-037,field-types,Password field,no,no,no,yes,no,gap,wontdo,P2,Declined for v0.1: Baserow PasswordField; credentials do not belong in a dataset.,https://gitlab.com/baserow/baserow/-/raw/develop/backend/src/baserow/contrib/database/fields/models.py (accessed 2026-09-19)
FT-038,field-types,AI / agent-computed field,paid,paid,paid,paid,no,PAP-637,planned,P2,Baserow premium AI field; Notion AI autofill. Deferred to v0.2.,https://baserow.io/user-docs (accessed 2026-09-19)
FO-001,field-options,Field description / help text,yes,yes,yes,yes,yes,PAP-161,planned,P0,FieldDef.description reserved in the view model.,https://baserow.io/user-docs (accessed 2026-09-19)
FO-002,field-options,Required field,no,no,yes,partial,yes,PAP-338,planned,P0,Baserow field value constraints; NocoDB not-null.,https://baserow.io/user-docs (accessed 2026-09-19)
FO-003,field-options,Unique constraint,no,yes,no,yes,yes,PAP-338,planned,P0,Baserow field value constraints include uniqueness.,https://baserow.io/user-docs (accessed 2026-09-19)
FO-004,field-options,Min / max / pattern validation,no,no,no,partial,partial,PAP-338,planned,P0,Round-4 amendment adds per-type validation options.,https://baserow.io/user-docs (accessed 2026-09-19)
FO-005,field-options,Default value (static),no,yes,yes,yes,yes,PAP-628,planned,P0,Notion property defaults in templates.,https://baserow.io/user-docs (accessed 2026-09-19)
FO-006,field-options,"Default value (dynamic token, e.g. today)",no,yes,partial,no,no,PAP-628,planned,P0,PaperOS uses dynamic tokens shared with the filter grammar.,https://www.notion.com/help/database-properties (accessed 2026-09-19)
FO-007,field-options,Select option colours,yes,yes,yes,yes,yes,PAP-339,planned,P0,Drives row colouring and kanban column colour.,https://baserow.io/user-docs (accessed 2026-09-19)
FO-008,field-options,"Number formatting (precision, separators, suffix)",yes,yes,yes,yes,yes,PAP-338,planned,P0,Baserow number options.,https://baserow.io/user-docs (accessed 2026-09-19)
FO-009,field-options,Date format and timezone per field,yes,yes,yes,yes,yes,PAP-338,planned,P0,Baserow documents working with timezones per field.,https://baserow.io/user-docs (accessed 2026-09-19)
FO-010,field-options,Field grouping in the record panel,no,no,partial,no,no,PAP-161,planned,P0,FieldDef.group reserved; ClickUp groups custom fields on the task panel.,https://www.notion.com/help/database-properties (accessed 2026-09-19)
FO-011,field-options,Field indexes for large tables,no,no,no,yes,yes,PAP-337,planned,P0,Baserow field indexes doc.,https://baserow.io/user-docs (accessed 2026-09-19)
FO-012,field-options,Per-field read/write permission,no,no,partial,paid,no,PAP-638,planned,P2,Baserow enterprise field-level roles. Deferred to v0.2.,https://baserow.io/user-docs (accessed 2026-09-19)
FTX-001,filters-text,is / equal,yes,yes,yes,yes,yes,PAP-335,planned,P0,Baserow equal.,https://gitlab.com/baserow/baserow/-/raw/develop/backend/src/baserow/contrib/database/views/view_filters.py (accessed 2026-09-19)
FTX-002,filters-text,is not / not equal,yes,yes,yes,yes,yes,PAP-335,planned,P0,Baserow not_equal.,https://gitlab.com/baserow/baserow/-/raw/develop/backend/src/baserow/contrib/database/views/view_filters.py (accessed 2026-09-19)
FTX-003,filters-text,contains,yes,yes,yes,yes,yes,PAP-335,planned,P0,Baserow contains.,https://gitlab.com/baserow/baserow/-/raw/develop/backend/src/baserow/contrib/database/views/view_filters.py (accessed 2026-09-19)
FTX-004,filters-text,does not contain,yes,yes,yes,yes,yes,PAP-335,planned,P0,Baserow contains_not.,https://gitlab.com/baserow/baserow/-/raw/develop/backend/src/baserow/contrib/database/views/view_filters.py (accessed 2026-09-19)
FTX-005,filters-text,contains word (whole word match),no,no,no,yes,no,PAP-335,planned,P0,Baserow contains_word / doesnt_contain_word.,https://gitlab.com/baserow/baserow/-/raw/develop/backend/src/baserow/contrib/database/views/view_filters.py (accessed 2026-09-19)
FTX-006,filters-text,starts with,no,yes,yes,yes,yes,PAP-335,planned,P0,Baserow starts_with.,https://gitlab.com/baserow/baserow/-/raw/develop/backend/src/baserow/contrib/database/views/view_filters.py (accessed 2026-09-19)
FTX-007,filters-text,ends with,no,yes,yes,yes,yes,PAP-335,planned,P0,Baserow ships ends_with alongside starts_with in the same registry.,https://gitlab.com/baserow/baserow/-/raw/develop/backend/src/baserow/contrib/database/views/view_filters.py (accessed 2026-09-19)
FTX-008,filters-text,length is lower than,no,no,no,yes,no,PAP-335,planned,P0,Baserow length_is_lower_than.,https://gitlab.com/baserow/baserow/-/raw/develop/backend/src/baserow/contrib/database/views/view_filters.py (accessed 2026-09-19)
FTX-009,filters-text,is empty,yes,yes,yes,yes,yes,PAP-335,planned,P0,Baserow empty.,https://gitlab.com/baserow/baserow/-/raw/develop/backend/src/baserow/contrib/database/views/view_filters.py (accessed 2026-09-19)
FTX-010,filters-text,is not empty,yes,yes,yes,yes,yes,PAP-335,planned,P0,Baserow not_empty.,https://gitlab.com/baserow/baserow/-/raw/develop/backend/src/baserow/contrib/database/views/view_filters.py (accessed 2026-09-19)
FTX-011,filters-text,regular expression match,no,no,no,no,no,gap,wontdo,P2,Declined for v0.1: reachable through a formula field plus a boolean filter.,https://gitlab.com/baserow/baserow/-/raw/develop/backend/src/baserow/contrib/database/views/view_filters.py (accessed 2026-09-19)
FNU-001,filters-number,equals,yes,yes,yes,yes,yes,PAP-335,planned,P0,Baserow equal on number fields.,https://gitlab.com/baserow/baserow/-/raw/develop/backend/src/baserow/contrib/database/views/view_filters.py (accessed 2026-09-19)
FNU-002,filters-number,not equals,yes,yes,yes,yes,yes,PAP-335,planned,P0,Baserow not_equal.,https://gitlab.com/baserow/baserow/-/raw/develop/backend/src/baserow/contrib/database/views/view_filters.py (accessed 2026-09-19)
FNU-003,filters-number,greater than,yes,yes,yes,yes,yes,PAP-335,planned,P0,Baserow higher_than.,https://gitlab.com/baserow/baserow/-/raw/develop/backend/src/baserow/contrib/database/views/view_filters.py (accessed 2026-09-19)
FNU-004,filters-number,greater than or equal,yes,yes,yes,yes,yes,PAP-335,planned,P0,Baserow higher_than_or_equal.,https://gitlab.com/baserow/baserow/-/raw/develop/backend/src/baserow/contrib/database/views/view_filters.py (accessed 2026-09-19)
FNU-005,filters-number,less than,yes,yes,yes,yes,yes,PAP-335,planned,P0,Baserow lower_than.,https://gitlab.com/baserow/baserow/-/raw/develop/backend/src/baserow/contrib/database/views/view_filters.py (accessed 2026-09-19)
FNU-006,filters-number,less than or equal,yes,yes,yes,yes,yes,PAP-335,planned,P0,Baserow lower_than_or_equal.,https://gitlab.com/baserow/baserow/-/raw/develop/backend/src/baserow/contrib/database/views/view_filters.py (accessed 2026-09-19)
FNU-007,filters-number,is even and whole,no,no,no,yes,no,gap,wontdo,P2,Declined for v0.1: Baserow is_even_and_whole is a novelty operator.,https://gitlab.com/baserow/baserow/-/raw/develop/backend/src/baserow/contrib/database/views/view_filters.py (accessed 2026-09-19)
FNU-008,filters-number,between (inclusive range),no,no,no,partial,partial,PAP-335,planned,P0,Expressed as two conditions in most products; PaperOS ships one operator.,https://gitlab.com/baserow/baserow/-/raw/develop/backend/src/baserow/contrib/database/views/view_filters.py (accessed 2026-09-19)
FDT-001,filters-date,is on date,yes,yes,yes,yes,yes,PAP-335,planned,P0,Baserow date_is / date_equal.,https://gitlab.com/baserow/baserow/-/raw/develop/backend/src/baserow/contrib/database/views/view_filters.py (accessed 2026-09-19)
FDT-002,filters-date,is before,yes,yes,yes,yes,yes,PAP-335,planned,P0,Baserow date_is_before.,https://gitlab.com/baserow/baserow/-/raw/develop/backend/src/baserow/contrib/database/views/view_filters.py (accessed 2026-09-19)
FDT-003,filters-date,is on or before,yes,yes,yes,yes,yes,PAP-335,planned,P0,Baserow date_is_on_or_before.,https://gitlab.com/baserow/baserow/-/raw/develop/backend/src/baserow/contrib/database/views/view_filters.py (accessed 2026-09-19)
FDT-004,filters-date,is after,yes,yes,yes,yes,yes,PAP-335,planned,P0,Baserow date_is_after.,https://gitlab.com/baserow/baserow/-/raw/develop/backend/src/baserow/contrib/database/views/view_filters.py (accessed 2026-09-19)
FDT-005,filters-date,is on or after,yes,yes,yes,yes,yes,PAP-335,planned,P0,Baserow date_is_on_or_after.,https://gitlab.com/baserow/baserow/-/raw/develop/backend/src/baserow/contrib/database/views/view_filters.py (accessed 2026-09-19)
FDT-006,filters-date,is within (range),yes,yes,yes,yes,yes,PAP-335,planned,P0,Baserow date_is_within.,https://gitlab.com/baserow/baserow/-/raw/develop/backend/src/baserow/contrib/database/views/view_filters.py (accessed 2026-09-19)
FDT-007,filters-date,is today,yes,yes,yes,yes,yes,PAP-335,planned,P0,Baserow date_equals_today.,https://gitlab.com/baserow/baserow/-/raw/develop/backend/src/baserow/contrib/database/views/view_filters.py (accessed 2026-09-19)
FDT-008,filters-date,is before today / after today,yes,yes,yes,yes,yes,PAP-335,planned,P0,Baserow date_before_today and date_after_today.,https://gitlab.com/baserow/baserow/-/raw/develop/backend/src/baserow/contrib/database/views/view_filters.py (accessed 2026-09-19)
FDT-009,filters-date,this week / month / year,yes,yes,yes,yes,yes,PAP-335,planned,P0,Baserow date_equals_week / _month / _year.,https://gitlab.com/baserow/baserow/-/raw/develop/backend/src/baserow/contrib/database/views/view_filters.py (accessed 2026-09-19)
FDT-010,filters-date,in the next N days/weeks/months,yes,yes,yes,yes,yes,PAP-335,planned,P0,Baserow date_within_days / _weeks / _months.,https://gitlab.com/baserow/baserow/-/raw/develop/backend/src/baserow/contrib/database/views/view_filters.py (accessed 2026-09-19)
FDT-011,filters-date,N days/months/years ago,yes,yes,yes,yes,yes,PAP-335,planned,P0,Baserow date_equals_days_ago / _months_ago / _years_ago.,https://gitlab.com/baserow/baserow/-/raw/develop/backend/src/baserow/contrib/database/views/view_filters.py (accessed 2026-09-19)
FDT-012,filters-date,day of month equals,no,no,no,yes,no,PAP-335,planned,P0,Baserow date_equals_day_of_month.,https://gitlab.com/baserow/baserow/-/raw/develop/backend/src/baserow/contrib/database/views/view_filters.py (accessed 2026-09-19)
FDT-013,filters-date,relative date anchored to another field,no,yes,partial,no,no,PAP-617,planned,P0,Notion allows comparing a date against a formula; PaperOS uses dynamic values.,https://www.notion.com/help/views-filters-and-sorts (accessed 2026-09-19)
FDT-014,filters-date,timezone-aware evaluation of relative dates,yes,yes,yes,yes,partial,PAP-335,planned,P0,Baserow stores a timezone on date filters.,https://baserow.io/user-docs (accessed 2026-09-19)
FCH-001,filters-choice-relation-user,single select is / is not,yes,yes,yes,yes,yes,PAP-335,planned,P0,Baserow single_select_equal / single_select_not_equal.,https://gitlab.com/baserow/baserow/-/raw/develop/backend/src/baserow/contrib/database/views/view_filters.py (accessed 2026-09-19)
FCH-002,filters-choice-relation-user,single select is any of / none of,yes,yes,yes,yes,yes,PAP-335,planned,P0,Baserow single_select_is_any_of / is_none_of.,https://gitlab.com/baserow/baserow/-/raw/develop/backend/src/baserow/contrib/database/views/view_filters.py (accessed 2026-09-19)
FCH-003,filters-choice-relation-user,multi select has / has not,yes,yes,yes,yes,yes,PAP-335,planned,P0,Baserow multiple_select_has / has_not.,https://gitlab.com/baserow/baserow/-/raw/develop/backend/src/baserow/contrib/database/views/view_filters.py (accessed 2026-09-19)
FCH-004,filters-choice-relation-user,multi select has all of,yes,yes,partial,partial,partial,PAP-335,planned,P0,Airtable 'has all of'.,https://gitlab.com/baserow/baserow/-/raw/develop/backend/src/baserow/contrib/database/views/view_filters.py (accessed 2026-09-19)
FCH-005,filters-choice-relation-user,relation has linked record,yes,yes,yes,yes,yes,PAP-335,planned,P0,Baserow link_row_has / link_row_has_not.,https://gitlab.com/baserow/baserow/-/raw/develop/backend/src/baserow/contrib/database/views/view_filters.py (accessed 2026-09-19)
FCH-006,filters-choice-relation-user,relation contains text of linked primary,no,no,no,yes,partial,PAP-335,planned,P0,Baserow link_row_contains / link_row_not_contains.,https://gitlab.com/baserow/baserow/-/raw/develop/backend/src/baserow/contrib/database/views/view_filters.py (accessed 2026-09-19)
FCH-007,filters-choice-relation-user,user is / is not,yes,yes,yes,yes,yes,PAP-335,planned,P0,Baserow user_is / user_is_not.,https://gitlab.com/baserow/baserow/-/raw/develop/backend/src/baserow/contrib/database/views/view_filters.py (accessed 2026-09-19)
FCH-008,filters-choice-relation-user,collaborator field has / has not,yes,yes,yes,yes,yes,PAP-335,planned,P0,Baserow multiple_collaborators_has / has_not.,https://gitlab.com/baserow/baserow/-/raw/develop/backend/src/baserow/contrib/database/views/view_filters.py (accessed 2026-09-19)
FCH-009,filters-choice-relation-user,checkbox is true / false,yes,yes,yes,yes,yes,PAP-335,planned,P0,Baserow boolean.,https://gitlab.com/baserow/baserow/-/raw/develop/backend/src/baserow/contrib/database/views/view_filters.py (accessed 2026-09-19)
FCH-010,filters-choice-relation-user,attachment filename contains,yes,no,no,yes,no,PAP-335,planned,P0,Baserow filename_contains.,https://gitlab.com/baserow/baserow/-/raw/develop/backend/src/baserow/contrib/database/views/view_filters.py (accessed 2026-09-19)
FCH-011,filters-choice-relation-user,attachment has file type (image/document),yes,no,no,yes,no,PAP-335,planned,P0,Baserow has_file_type.,https://gitlab.com/baserow/baserow/-/raw/develop/backend/src/baserow/contrib/database/views/view_filters.py (accessed 2026-09-19)
FCH-012,filters-choice-relation-user,attachment count lower than,no,no,no,yes,no,PAP-335,planned,P0,Baserow files_lower_than.,https://gitlab.com/baserow/baserow/-/raw/develop/backend/src/baserow/contrib/database/views/view_filters.py (accessed 2026-09-19)
FCH-013,filters-choice-relation-user,filter on a lookup or rollup value,yes,yes,no,yes,yes,PAP-340,planned,P0,Round-4 amendment: filter linked records before projection.,https://baserow.io/user-docs (accessed 2026-09-19)
FST-001,filter-structure,Multiple conditions with AND,yes,yes,yes,yes,yes,PAP-279,planned,P0,Universal.,https://www.notion.com/help/views-filters-and-sorts (accessed 2026-09-19)
FST-002,filter-structure,Multiple conditions with OR,yes,yes,yes,yes,yes,PAP-166,planned,P0,Universal. Umbrella owns the feature; children own the slices.,https://www.notion.com/help/views-filters-and-sorts (accessed 2026-09-19)
FST-003,filter-structure,Nested condition groups,yes,yes,yes,yes,yes,PAP-617,planned,P0,Notion advanced filters nest up to three layers; Baserow advanced row filter.,https://www.notion.com/help/views-filters-and-sorts (accessed 2026-09-19)
FST-004,filter-structure,Nesting depth limit stated,no,yes,no,no,no,PAP-279,planned,P0,Notion states three layers; PaperOS caps at depth 6 and rejects deeper trees.,https://www.notion.com/help/views-filters-and-sorts (accessed 2026-09-19)
FST-005,filter-structure,Dynamic value: current user,yes,yes,yes,yes,partial,PAP-617,planned,P0,Baserow user_is accepts the acting user.,https://gitlab.com/baserow/baserow/-/raw/develop/backend/src/baserow/contrib/database/views/view_filters.py (accessed 2026-09-19)
FST-006,filter-structure,Dynamic value: another field in the same record,no,yes,no,partial,no,PAP-617,planned,P0,Notion compares two properties in advanced filters.,https://www.notion.com/help/views-filters-and-sorts (accessed 2026-09-19)
FST-007,filter-structure,Quick filter chips above the view,no,no,yes,no,no,PAP-617,planned,P0,ClickUp filter bar; PaperOS ships chips plus the sentence renderer.,https://clickup.com/features/views (accessed 2026-09-19)
FST-008,filter-structure,Plain-language rendering of the filter,no,no,no,no,no,PAP-617,planned,P0,PaperOS-only: the sentence renderer feeds the voice vocabulary.,https://www.notion.com/help/views-filters-and-sorts (accessed 2026-09-19)
FST-009,filter-structure,Viewer-only temporary filters (not saved),yes,yes,yes,yes,partial,PAP-618,planned,P0,Airtable personal filters; PaperOS holds them in the URL.,https://support.airtable.com/docs/getting-started-with-airtable-views (accessed 2026-09-19)
FST-010,filter-structure,Filter reusable by automations and segments,partial,no,partial,no,no,PAP-617,planned,P0,"One FilterTree shared by views, automations and audiences.",https://support.airtable.com/docs/automations-overview (accessed 2026-09-19)
FST-011,filter-structure,Filter referencing a deleted field degrades safely,no,no,no,no,no,PAP-161,planned,P0,PaperOS flags the condition orphaned and skips it at compile.,https://baserow.io/user-docs (accessed 2026-09-19)
SRT-001,sorting,Sort ascending / descending,yes,yes,yes,yes,yes,PAP-618,planned,P0,Universal.,https://www.notion.com/help/views-filters-and-sorts (accessed 2026-09-19)
SRT-002,sorting,Multi-level sort with explicit order,yes,yes,yes,yes,yes,PAP-618,planned,P0,Notion supports multiple sorts with customisable order.,https://www.notion.com/help/views-filters-and-sorts (accessed 2026-09-19)
SRT-003,sorting,"Type-aware sort (text alphabetical, select custom order)",yes,yes,yes,yes,yes,PAP-335,planned,P0,Notion documents per-type sort logic.,https://www.notion.com/help/views-filters-and-sorts (accessed 2026-09-19)
SRT-004,sorting,Manual drag ordering (fractional index),yes,yes,yes,yes,yes,PAP-341,planned,P0,NocoDB Order system column.,https://raw.githubusercontent.com/nocodb/nocodb/develop/packages/nocodb-sdk/src/lib/UITypes.ts (accessed 2026-09-19)
SRT-005,sorting,Sort by a lookup or rollup,yes,yes,no,yes,yes,PAP-336,planned,P0,Requires the computed value in SQL.,https://baserow.io/user-docs (accessed 2026-09-19)
SRT-006,sorting,Stable pagination under a sort (keyset cursor),no,no,no,partial,partial,PAP-163,planned,P0,Products use offset paging; PaperOS signs keyset cursors. Umbrella owns the feature; children own the slices.,https://baserow.io/user-docs (accessed 2026-09-19)
GRP-001,grouping,Group rows by a field,yes,yes,yes,yes,yes,PAP-343,planned,P0,Baserow group rows by field; NocoDB toolbar Groups.,https://baserow.io/user-docs (accessed 2026-09-19)
GRP-002,grouping,Second and third grouping level,yes,yes,yes,yes,yes,PAP-343,planned,P0,Notion sub-group is one extra level; PaperOS allows three.,https://www.notion.com/help/views-filters-and-sorts (accessed 2026-09-19)
GRP-003,grouping,Collapse and expand groups,yes,yes,yes,yes,yes,PAP-343,planned,P0,Notion hide/show groups.,https://www.notion.com/help/views-filters-and-sorts (accessed 2026-09-19)
GRP-004,grouping,Hide empty groups,yes,yes,yes,yes,partial,PAP-343,planned,P0,Notion documents hiding empty groups.,https://www.notion.com/help/views-filters-and-sorts (accessed 2026-09-19)
GRP-005,grouping,Manual or automatic ordering of groups,yes,yes,yes,yes,partial,PAP-343,planned,P0,Notion allows manual or automatic group sorting.,https://www.notion.com/help/views-filters-and-sorts (accessed 2026-09-19)
GRP-006,grouping,Per-group aggregate row,yes,yes,yes,yes,yes,PAP-336,planned,P0,Group footers in every grid product.,https://baserow.io/user-docs (accessed 2026-09-19)
GRP-007,grouping,Group by multi-select with one row per value,no,no,no,no,no,PAP-336,planned,P0,PaperOS expandMulti option; products group by the whole set.,https://www.notion.com/help/views-filters-and-sorts (accessed 2026-09-19)
GRP-008,grouping,Group by a date rollup (day/week/month),yes,yes,yes,partial,partial,PAP-336,planned,P0,Needed by charts; compiled as a date_trunc group key.,https://www.notion.com/help/views-filters-and-sorts (accessed 2026-09-19)
AGG-001,aggregations,Count of records,yes,yes,yes,yes,yes,PAP-336,planned,P0,Baserow field summaries.,https://baserow.io/user-docs (accessed 2026-09-19)
AGG-002,aggregations,Count empty / filled,yes,yes,yes,yes,yes,PAP-336,planned,P0,Baserow field summaries include empty and filled counts.,https://baserow.io/user-docs (accessed 2026-09-19)
AGG-003,aggregations,Count unique,yes,yes,partial,yes,partial,PAP-336,planned,P0,Baserow unique count summary.,https://baserow.io/user-docs (accessed 2026-09-19)
AGG-004,aggregations,Sum,yes,yes,yes,yes,yes,PAP-336,planned,P0,Numeric footer aggregate.,https://baserow.io/user-docs (accessed 2026-09-19)
AGG-005,aggregations,Average,yes,yes,yes,yes,yes,PAP-336,planned,P0,Numeric footer aggregate.,https://baserow.io/user-docs (accessed 2026-09-19)
AGG-006,aggregations,Min / Max,yes,yes,yes,yes,yes,PAP-336,planned,P0,Numeric and date footer aggregate.,https://baserow.io/user-docs (accessed 2026-09-19)
AGG-007,aggregations,Median,yes,yes,no,yes,partial,PAP-336,planned,P0,Airtable and Baserow summaries.,https://baserow.io/user-docs (accessed 2026-09-19)
AGG-008,aggregations,Standard deviation / variance,yes,no,no,yes,no,PAP-336,planned,P0,Airtable summary bar.,https://baserow.io/user-docs (accessed 2026-09-19)
AGG-009,aggregations,Range (max minus min),yes,no,no,yes,no,PAP-336,planned,P0,Airtable range summary.,https://baserow.io/user-docs (accessed 2026-09-19)
AGG-010,aggregations,Earliest / latest date,yes,yes,yes,yes,yes,PAP-336,planned,P0,Date aggregates for timeline headers.,https://baserow.io/user-docs (accessed 2026-09-19)
AGG-011,aggregations,Checked / unchecked percentage,yes,yes,yes,yes,partial,PAP-336,planned,P0,Checkbox aggregates.,https://baserow.io/user-docs (accessed 2026-09-19)
AGG-012,aggregations,Custom aggregate registered by a module,no,no,no,partial,no,PAP-631,planned,P0,PaperOS extension guide documents registering an aggregate.,https://baserow.io/user-docs (accessed 2026-09-19)
DEN-001,density-appearance,Row height presets,yes,yes,no,yes,yes,PAP-341,planned,P1,NocoDB toolbar Row Height; Baserow enlarge rows.,https://nocodb.com/docs/product-docs/views/views-overview (accessed 2026-09-19)
DEN-002,density-appearance,Field (column) width persisted per view,yes,yes,yes,yes,yes,PAP-343,planned,P1,NocoDB toolbar Field width.,https://nocodb.com/docs/product-docs/views/views-overview (accessed 2026-09-19)
DEN-003,density-appearance,Row colouring by a rule,paid,no,yes,paid,yes,PAP-626,planned,P1,Baserow row coloring is premium; NocoDB Row Colors in the toolbar.,https://nocodb.com/docs/product-docs/views/views-overview (accessed 2026-09-19)
DEN-004,density-appearance,Conditional cell formatting,paid,no,yes,paid,partial,PAP-626,planned,P1,Airtable colouring on interfaces; ClickUp has cell colouring.,https://nocodb.com/docs/product-docs/views/views-overview (accessed 2026-09-19)
DEN-005,density-appearance,Progress bar rendering inside a cell,no,no,yes,no,partial,PAP-626,planned,P1,ClickUp progress fields render as bars.,https://developer.clickup.com/docs/customfields (accessed 2026-09-19)
DEN-006,density-appearance,Cover image on cards,yes,yes,no,yes,yes,PAP-619,planned,P1,Gallery and kanban card covers.,https://baserow.io/user-docs (accessed 2026-09-19)
DEN-007,density-appearance,Density mode shared with the design system,no,no,no,no,no,PAP-66,planned,P1,PaperOS density tokens serve phone to 4K TV.,https://nocodb.com/docs/product-docs/views/views-overview (accessed 2026-09-19)
DEN-008,density-appearance,10-foot legible large-screen mode,no,no,no,no,no,PAP-66,planned,P1,PaperOS-only requirement (org standard).,https://nocodb.com/docs/product-docs/views/views-overview (accessed 2026-09-19)
COL-001,column-ops,Show / hide fields per view,yes,yes,yes,yes,yes,PAP-618,planned,P0,NocoDB toolbar Field visibility.,https://nocodb.com/docs/product-docs/views/views-overview (accessed 2026-09-19)
COL-002,column-ops,Reorder fields per view,yes,yes,yes,yes,yes,PAP-343,planned,P0,NocoDB toolbar Field order.,https://nocodb.com/docs/product-docs/views/views-overview (accessed 2026-09-19)
COL-003,column-ops,Resize columns,yes,yes,yes,yes,yes,PAP-343,planned,P0,NocoDB toolbar Field width.,https://nocodb.com/docs/product-docs/views/views-overview (accessed 2026-09-19)
COL-004,column-ops,Freeze / pin leading columns,yes,no,yes,yes,yes,PAP-343,planned,P0,Grid frozen region with a scroll shadow.,https://nocodb.com/docs/product-docs/views/views-overview (accessed 2026-09-19)
COL-005,column-ops,Insert a field left / right of a column,yes,yes,yes,yes,yes,PAP-332,planned,P0,Header context menu.,https://baserow.io/user-docs (accessed 2026-09-19)
COL-006,column-ops,Duplicate a field with or without data,yes,yes,no,yes,yes,PAP-332,planned,P0,Airtable duplicates values optionally.,https://baserow.io/user-docs (accessed 2026-09-19)
COL-007,column-ops,"Delete a field (soft, restorable)",yes,yes,yes,yes,partial,PAP-334,planned,P0,Baserow delete and recover data.,https://baserow.io/user-docs (accessed 2026-09-19)
COL-008,column-ops,Change a field's type in place,yes,yes,partial,yes,yes,PAP-340,planned,P0,With the lossiness report in PaperOS.,https://baserow.io/user-docs (accessed 2026-09-19)
COL-009,column-ops,Column header tooltip from the field description,yes,yes,yes,yes,partial,PAP-161,planned,P0,FieldDef.description renders as a tooltip.,https://baserow.io/user-docs (accessed 2026-09-19)
COL-010,column-ops,Context menu reachable from the keyboard,partial,partial,partial,partial,partial,PAP-150,planned,P0,PaperOS routes context menus through the command registry.,https://nocodb.com/docs/product-docs/views/views-overview (accessed 2026-09-19)
REX-001,record-expansion,Expand a record into a modal,yes,yes,yes,yes,yes,PAP-333,planned,P0,Baserow enlarge rows.,https://baserow.io/user-docs (accessed 2026-09-19)
REX-002,record-expansion,Side panel instead of a modal,no,yes,yes,no,yes,PAP-343,planned,P0,RecordPanel in PaperOS.,https://nocodb.com/docs/product-docs/views/views-overview (accessed 2026-09-19)
REX-003,record-expansion,Comments thread on the record,yes,yes,yes,yes,yes,PAP-131,planned,P0,Baserow comments and mentions.,https://baserow.io/user-docs (accessed 2026-09-19)
REX-004,record-expansion,Activity timeline on the record,yes,yes,yes,yes,yes,PAP-333,planned,P0,Baserow row change history.,https://baserow.io/user-docs (accessed 2026-09-19)
REX-005,record-expansion,Attachments tab with previews,yes,yes,yes,yes,yes,PAP-333,planned,P0,Lightbox preview from the design system.,https://baserow.io/user-docs (accessed 2026-09-19)
REX-006,record-expansion,Linked records section with inline create,yes,yes,yes,yes,yes,PAP-340,planned,P0,Round-4 amendment: allowCreate on the relation picker.,https://baserow.io/user-docs (accessed 2026-09-19)
REX-007,record-expansion,Field history per field with undo,yes,yes,partial,yes,partial,PAP-333,planned,P0,Baserow row change history; PaperOS adds per-field undo.,https://baserow.io/user-docs (accessed 2026-09-19)
REX-008,record-expansion,Record template applied on create,no,yes,yes,no,no,PAP-628,planned,P0,Notion and ClickUp templates; deferred to a PaperOS P2.,https://www.notion.com/help/database-properties (accessed 2026-09-19)
EDT-001,inline-edit,"Per-type cell editor (date picker, select menu, user picker)",yes,yes,yes,yes,yes,PAP-339,planned,P0,Editor registry per field type.,https://baserow.io/user-docs (accessed 2026-09-19)
EDT-002,inline-edit,Optimistic commit with rollback on error,partial,partial,partial,partial,partial,PAP-342,planned,P0,PaperOS states the contract explicitly.,https://baserow.io/user-docs (accessed 2026-09-19)
EDT-003,inline-edit,Copy / paste a TSV range,yes,yes,yes,yes,yes,PAP-342,planned,P0,Baserow paste data into cells.,https://baserow.io/user-docs (accessed 2026-09-19)
EDT-004,inline-edit,Fill handle (drag to fill down/across),yes,no,no,yes,yes,PAP-630,planned,P0,Airtable fill handle with series detection.,https://baserow.io/user-docs (accessed 2026-09-19)
EDT-005,inline-edit,Undo / redo of edits,yes,yes,yes,yes,yes,PAP-342,planned,P0,Registered in the shared undo manager.,https://baserow.io/user-docs (accessed 2026-09-19)
EDT-006,inline-edit,Validation error shown in the cell,partial,partial,partial,yes,yes,PAP-338,planned,P0,Baserow field value constraints surface inline.,https://baserow.io/user-docs (accessed 2026-09-19)
EDT-007,inline-edit,Read-only cells for computed fields,yes,yes,yes,yes,yes,PAP-340,planned,P0,NocoDB marks virtual columns read-only.,https://raw.githubusercontent.com/nocodb/nocodb/develop/packages/nocodb-sdk/src/lib/UITypes.ts (accessed 2026-09-19)
EDT-008,inline-edit,Edits blocked by permission show why,partial,partial,partial,yes,partial,PAP-638,planned,P2,PaperOS surfaces the can() reason.,https://baserow.io/user-docs (accessed 2026-09-19)
EDT-009,inline-edit,Unwired control shows a 'not wired yet' hint,no,no,no,no,no,PAP-614,planned,P0,"PaperOS org standard: tooltip plus toast, always visible in dev mode.",https://nocodb.com/docs/product-docs/views/views-overview (accessed 2026-09-19)
BLK-001,bulk-edit,Select a range of rows,yes,yes,yes,yes,yes,PAP-341,planned,P1,Shift-click and drag selection.,https://baserow.io/user-docs (accessed 2026-09-19)
BLK-002,bulk-edit,Select all matching the current filter,yes,yes,yes,yes,yes,PAP-334,planned,P1,Select-all across pages.,https://baserow.io/user-docs (accessed 2026-09-19)
BLK-003,bulk-edit,Bulk edit one field across the selection,no,yes,yes,partial,yes,PAP-334,planned,P1,Notion and ClickUp bulk edit; Airtable needs paste.,https://baserow.io/user-docs (accessed 2026-09-19)
BLK-004,bulk-edit,Bulk delete,yes,yes,yes,yes,yes,PAP-334,planned,P1,Server batching in PaperOS.,https://baserow.io/user-docs (accessed 2026-09-19)
BLK-005,bulk-edit,Bulk move to another table / list,no,yes,yes,no,no,PAP-334,planned,P1,ClickUp moves tasks between lists.,https://clickup.com/features/views (accessed 2026-09-19)
BLK-006,bulk-edit,Undo toast after a bulk operation,partial,yes,yes,partial,partial,PAP-334,planned,P1,PaperOS shows an undo toast with a restore link.,https://baserow.io/user-docs (accessed 2026-09-19)
BLK-007,bulk-edit,Bulk operations recorded as one audit entry,no,no,no,yes,no,PAP-38,planned,P1,Baserow audit logs; PaperOS records a reason per batch.,https://baserow.io/user-docs (accessed 2026-09-19)
KEY-001,keyboard,Arrow-key cell navigation,yes,yes,yes,yes,yes,PAP-341,planned,P0,Grid keyboard model.,https://baserow.io/user-docs (accessed 2026-09-19)
KEY-002,keyboard,"Enter to edit, Escape to cancel",yes,yes,yes,yes,yes,PAP-341,planned,P0,Grid keyboard model.,https://baserow.io/user-docs (accessed 2026-09-19)
KEY-003,keyboard,Shift-arrow range extension,yes,yes,yes,yes,yes,PAP-341,planned,P0,Selection model.,https://baserow.io/user-docs (accessed 2026-09-19)
KEY-004,keyboard,Command palette for view actions,yes,yes,yes,no,partial,PAP-291,planned,P0,PaperOS binds every action id to the palette and the voice vocabulary.,https://clickup.com/features/views (accessed 2026-09-19)
KEY-005,keyboard,Visible focus ring on every interactive element,partial,partial,partial,partial,partial,PAP-152,planned,P0,Org standard; no vendor guarantees it across views.,https://baserow.io/user-docs (accessed 2026-09-19)
KEY-006,keyboard,44 px minimum touch targets,partial,partial,partial,partial,partial,PAP-66,planned,P0,Org standard for touch and pen.,https://baserow.io/user-docs (accessed 2026-09-19)
KEY-007,keyboard,Touch range selection without a hover state,partial,partial,partial,partial,partial,PAP-341,planned,P0,Round-4 amendment covers touch ranges and RTL.,https://baserow.io/user-docs (accessed 2026-09-19)
KEY-008,keyboard,Pen / stylus input treated as a first-class pointer,no,no,no,no,no,PAP-150,planned,P0,Org standard; pointer events normalised by the input module.,https://baserow.io/user-docs (accessed 2026-09-19)
KEY-009,keyboard,TV remote / gamepad d-pad navigation,no,no,no,no,no,PAP-150,planned,P0,"Org standard: designed for, not first pass.",https://baserow.io/user-docs (accessed 2026-09-19)
KEY-010,keyboard,Voice control over view actions,partial,partial,partial,no,no,PAP-291,planned,P0,Every action declares an intent phrase in the actions registry.,https://baserow.io/user-docs (accessed 2026-09-19)
KAN-001,kanban,Stack columns by a single select,yes,yes,yes,paid,yes,PAP-167,planned,P1,Baserow kanban is premium.,https://gitlab.com/baserow/baserow/-/raw/develop/premium/backend/src/baserow_premium/views/view_types.py (accessed 2026-09-19)
KAN-002,kanban,Stack by a user field,yes,yes,yes,paid,yes,PAP-167,planned,P1,Assignee boards.,https://gitlab.com/baserow/baserow/-/raw/develop/premium/backend/src/baserow_premium/views/view_types.py (accessed 2026-09-19)
KAN-003,kanban,Drag a card between columns,yes,yes,yes,paid,yes,PAP-167,planned,P1,Writes the stack field.,https://gitlab.com/baserow/baserow/-/raw/develop/premium/backend/src/baserow_premium/views/view_types.py (accessed 2026-09-19)
KAN-004,kanban,Reorder cards inside a column,yes,yes,yes,paid,yes,PAP-167,planned,P1,Fractional index.,https://gitlab.com/baserow/baserow/-/raw/develop/premium/backend/src/baserow_premium/views/view_types.py (accessed 2026-09-19)
KAN-005,kanban,Swimlanes (a second grouping axis),no,partial,yes,no,no,PAP-167,planned,P1,ClickUp board swimlanes.,https://clickup.com/features/views (accessed 2026-09-19)
KAN-006,kanban,WIP limit per column,no,no,yes,no,no,PAP-167,planned,P1,ClickUp board WIP limits.,https://clickup.com/features/views (accessed 2026-09-19)
KAN-007,kanban,Card field selection (which fields show),yes,yes,yes,paid,yes,PAP-167,planned,P1,Card face configuration.,https://gitlab.com/baserow/baserow/-/raw/develop/premium/backend/src/baserow_premium/views/view_types.py (accessed 2026-09-19)
KAN-008,kanban,Per-column aggregate in the header,no,no,yes,no,partial,PAP-336,planned,P1,ClickUp shows sums per column.,https://clickup.com/features/views (accessed 2026-09-19)
KAN-009,kanban,Keyboard-only card move,no,no,partial,no,no,PAP-167,planned,P1,Org standard: nothing drag-only.,https://clickup.com/features/views (accessed 2026-09-19)
CAL-001,calendar-timeline-gantt,Month grid,yes,yes,yes,paid,yes,PAP-344,planned,P1,Baserow calendar is premium.,https://gitlab.com/baserow/baserow/-/raw/develop/premium/backend/src/baserow_premium/views/view_types.py (accessed 2026-09-19)
CAL-002,calendar-timeline-gantt,Week and day views,yes,no,yes,partial,yes,PAP-168,planned,P1,Notion calendar adds week; ClickUp has day. Umbrella owns the feature; children own the slices.,https://www.notion.com/help/views-filters-and-sorts (accessed 2026-09-19)
CAL-003,calendar-timeline-gantt,Agenda / list of upcoming,yes,yes,yes,no,partial,PAP-344,planned,P1,Phone-friendly agenda mode.,https://www.notion.com/help/views-filters-and-sorts (accessed 2026-09-19)
CAL-004,calendar-timeline-gantt,Start and end date fields (ranges),yes,yes,yes,paid,yes,PAP-344,planned,P1,Date range spanning cells.,https://gitlab.com/baserow/baserow/-/raw/develop/premium/backend/src/baserow_premium/views/view_types.py (accessed 2026-09-19)
CAL-005,calendar-timeline-gantt,Drag an event to change its date,yes,yes,yes,paid,yes,PAP-344,planned,P1,Writes the date field.,https://gitlab.com/baserow/baserow/-/raw/develop/premium/backend/src/baserow_premium/views/view_types.py (accessed 2026-09-19)
CAL-006,calendar-timeline-gantt,Resize an event to change duration,yes,yes,yes,paid,yes,PAP-345,planned,P1,Bar edit in timeline and calendar.,https://gitlab.com/baserow/baserow/-/raw/develop/premium/backend/src/baserow_premium/views/view_types.py (accessed 2026-09-19)
CAL-007,calendar-timeline-gantt,Timeline lanes grouped by a field,yes,yes,yes,paid,yes,PAP-345,planned,P1,Lane per group value.,https://gitlab.com/baserow/baserow/-/raw/develop/premium/backend/src/baserow_premium/views/view_types.py (accessed 2026-09-19)
CAL-008,calendar-timeline-gantt,Timeline zoom levels (day to year),yes,yes,yes,paid,yes,PAP-345,planned,P1,Two-axis virtualised canvas.,https://gitlab.com/baserow/baserow/-/raw/develop/premium/backend/src/baserow_premium/views/view_types.py (accessed 2026-09-19)
CAL-009,calendar-timeline-gantt,Dependency arrows between bars,no,no,yes,no,yes,PAP-346,planned,P1,ClickUp Gantt; NocoDB Gantt.,https://clickup.com/features/views (accessed 2026-09-19)
CAL-010,calendar-timeline-gantt,Critical path highlighting,no,no,yes,no,no,PAP-346,planned,P1,ClickUp Gantt critical path.,https://clickup.com/features/views (accessed 2026-09-19)
CAL-011,calendar-timeline-gantt,Working days / non-working shading,no,no,yes,no,partial,PAP-346,planned,P1,Calendar of working days.,https://clickup.com/features/views (accessed 2026-09-19)
CAL-012,calendar-timeline-gantt,Date dependency rules (shift linked dates),no,no,yes,paid,no,PAP-346,planned,P1,Baserow date dependency doc.,https://baserow.io/user-docs (accessed 2026-09-19)
CAL-013,calendar-timeline-gantt,ICS feed of a calendar view,yes,yes,yes,no,no,PAP-625,planned,P1,Subscribe from an external calendar.,https://www.notion.com/help/views-filters-and-sorts (accessed 2026-09-19)
GAL-001,gallery-list,Card grid with a cover field,yes,yes,no,yes,yes,PAP-619,planned,P1,Baserow GalleryViewType.,https://gitlab.com/baserow/baserow/-/raw/develop/backend/src/baserow/contrib/database/views/view_types.py (accessed 2026-09-19)
GAL-002,gallery-list,Choose which fields appear on the card,yes,yes,no,yes,yes,PAP-619,planned,P1,Card face configuration.,https://baserow.io/user-docs (accessed 2026-09-19)
GAL-003,gallery-list,Virtualised card rows for large datasets,no,no,no,partial,partial,PAP-619,planned,P1,PaperOS virtualises rows of cards.,https://baserow.io/user-docs (accessed 2026-09-19)
GAL-004,gallery-list,Dense list view tuned for phones,no,yes,yes,no,yes,PAP-169,planned,P1,NocoDB LIST view type. Umbrella owns the feature; children own the slices.,https://raw.githubusercontent.com/nocodb/nocodb/develop/packages/nocodb-sdk/src/lib/globals.ts (accessed 2026-09-19)
GAL-005,gallery-list,Swipe actions on a list row,no,no,yes,no,no,PAP-619,planned,P1,Mobile apps only in the vendors.,https://clickup.com/features/views (accessed 2026-09-19)
GAL-006,gallery-list,Attachment-first files view,no,no,no,no,no,PAP-619,planned,P1,Gallery over an attachment cover covers the need.,https://baserow.io/user-docs (accessed 2026-09-19)
FRM-001,forms,Form view generated from fields,yes,yes,yes,yes,yes,PAP-620,planned,P1,Baserow FormViewType; NocoDB FORM.,https://gitlab.com/baserow/baserow/-/raw/develop/backend/src/baserow/contrib/database/views/view_types.py (accessed 2026-09-19)
FRM-002,forms,Public submission URL,yes,yes,yes,yes,yes,PAP-620,planned,P1,Anonymous submit.,https://baserow.io/user-docs (accessed 2026-09-19)
FRM-003,forms,Embeddable form,yes,yes,yes,yes,yes,PAP-624,planned,P1,iframe embed with CSP.,https://baserow.io/user-docs (accessed 2026-09-19)
FRM-004,forms,Conditional fields (show when),paid,no,yes,paid,yes,PAP-620,planned,P1,Airtable conditional form logic is a paid feature.,https://baserow.io/user-docs (accessed 2026-09-19)
FRM-005,forms,Prefilled values from the URL,yes,yes,yes,yes,yes,PAP-620,planned,P1,Query-parameter prefill.,https://baserow.io/user-docs (accessed 2026-09-19)
FRM-006,forms,Email notification on submission,yes,yes,yes,yes,yes,PAP-388,planned,P1,Automation trigger 'when a form is submitted'.,https://support.airtable.com/docs/automations-overview (accessed 2026-09-19)
FRM-007,forms,Spam protection (captcha / honeypot),yes,partial,yes,yes,partial,PAP-620,planned,P1,PaperOS uses a honeypot plus Turnstile plus rate limits.,https://baserow.io/user-docs (accessed 2026-09-19)
FRM-008,forms,Rate limiting on public submit,partial,partial,partial,partial,partial,PAP-620,planned,P1,Explicit budget in PaperOS.,https://baserow.io/user-docs (accessed 2026-09-19)
FRM-009,forms,Save a draft and resume,no,no,no,no,no,PAP-620,planned,P1,PaperOS keeps a local draft per form token.,https://baserow.io/user-docs (accessed 2026-09-19)
FRM-010,forms,Multi-page / survey mode,no,yes,yes,paid,partial,PAP-620,planned,P1,Baserow premium survey mode.,https://baserow.io/user-docs (accessed 2026-09-19)
FRM-011,forms,Edit an existing record through a form link,no,no,no,yes,yes,PAP-620,planned,P1,Baserow FormViewEditRowField.,https://gitlab.com/baserow/baserow/-/raw/develop/backend/src/baserow/contrib/database/fields/models.py (accessed 2026-09-19)
MAP-001,map,Plot records from a geo field,paid,yes,yes,no,yes,PAP-622,planned,P1,NocoDB MAP view; Notion Place property.,https://raw.githubusercontent.com/nocodb/nocodb/develop/packages/nocodb-sdk/src/lib/globals.ts (accessed 2026-09-19)
MAP-002,map,Marker clustering,paid,no,yes,no,yes,PAP-622,planned,P1,Cluster at low zoom.,https://raw.githubusercontent.com/nocodb/nocodb/develop/packages/nocodb-sdk/src/lib/globals.ts (accessed 2026-09-19)
MAP-003,map,Filter by the visible map bounds,paid,no,yes,no,partial,PAP-622,planned,P1,Bounds pushed into the view filter.,https://raw.githubusercontent.com/nocodb/nocodb/develop/packages/nocodb-sdk/src/lib/globals.ts (accessed 2026-09-19)
MAP-004,map,Rectangle / lasso select on the map,no,no,no,no,no,PAP-622,planned,P1,PaperOS adds rectangle select.,https://raw.githubusercontent.com/nocodb/nocodb/develop/packages/nocodb-sdk/src/lib/globals.ts (accessed 2026-09-19)
MAP-005,map,Geocode an address into coordinates,paid,yes,yes,no,no,PAP-640,planned,P2,Deferred: provider adapter with caching.,https://www.notion.com/help/database-properties (accessed 2026-09-19)
MAP-006,map,Self-hostable map tiles,no,no,no,no,partial,PAP-170,planned,P1,MapLibre GL keeps the tile provider swappable. Umbrella owns the feature; children own the slices.,https://raw.githubusercontent.com/nocodb/nocodb/develop/packages/nocodb-sdk/src/lib/globals.ts (accessed 2026-09-19)
CHT-001,charts-dashboards,Bar chart from a grouped view,paid,yes,yes,paid,no,PAP-621,planned,P1,Notion Chart layout.,https://www.notion.com/help/views-filters-and-sorts (accessed 2026-09-19)
CHT-002,charts-dashboards,Stacked bar,paid,yes,yes,paid,no,PAP-621,planned,P1,Second group as the series.,https://www.notion.com/help/views-filters-and-sorts (accessed 2026-09-19)
CHT-003,charts-dashboards,Line chart,paid,yes,yes,paid,no,PAP-621,planned,P1,Date group on the x axis.,https://www.notion.com/help/views-filters-and-sorts (accessed 2026-09-19)
CHT-004,charts-dashboards,Area chart,paid,no,yes,paid,no,PAP-621,planned,P1,Variant of the line series.,https://www.notion.com/help/views-filters-and-sorts (accessed 2026-09-19)
CHT-005,charts-dashboards,Pie / donut,paid,yes,yes,paid,no,PAP-621,planned,P1,Single group.,https://www.notion.com/help/views-filters-and-sorts (accessed 2026-09-19)
CHT-006,charts-dashboards,Number / KPI tile,paid,yes,yes,paid,no,PAP-621,planned,P1,"One aggregate, big type.",https://www.notion.com/help/views-filters-and-sorts (accessed 2026-09-19)
CHT-007,charts-dashboards,"Scatter, histogram, funnel, gauge, heatmap",paid,no,partial,no,no,PAP-636,planned,P2,Deferred to v0.2.,https://clickup.com/features/views (accessed 2026-09-19)
CHT-008,charts-dashboards,Dashboard with drag-arranged blocks,paid,no,yes,paid,no,PAP-385,planned,P1,Breakpoint layouts in PaperOS.,https://support.airtable.com/docs/getting-started-with-airtable-views (accessed 2026-09-19)
CHT-009,charts-dashboards,Cross-filtering between blocks,paid,no,partial,no,no,PAP-386,planned,P1,Filter bus across the page.,https://support.airtable.com/docs/getting-started-with-airtable-views (accessed 2026-09-19)
CHT-010,charts-dashboards,Permission-aware tiles (hide what you cannot see),paid,yes,yes,paid,partial,PAP-387,planned,P1,Tiles degrade instead of erroring.,https://support.airtable.com/docs/getting-started-with-airtable-views (accessed 2026-09-19)
CHT-011,charts-dashboards,Chart clicking filters the underlying view,paid,no,yes,no,no,PAP-621,planned,P1,onFilter emission.,https://clickup.com/features/views (accessed 2026-09-19)
CHT-012,charts-dashboards,Table fallback when a chart cannot render,no,no,no,no,no,PAP-621,planned,P1,Accessibility requirement in PaperOS.,https://www.notion.com/help/views-filters-and-sorts (accessed 2026-09-19)
FML-001,formulas,Formula field with a typed expression language,yes,yes,yes,yes,yes,PAP-171,planned,P1,See formula-functions CSV for the inventory. Umbrella owns the feature; children own the slices.,https://support.airtable.com/docs/formula-field-reference (accessed 2026-09-19)
FML-002,formulas,Static type checking before save,no,yes,no,yes,partial,PAP-382,planned,P1,Baserow rejects invalid formulas at save.,https://baserow.io/user-docs (accessed 2026-09-19)
FML-003,formulas,Editor with autocomplete and inline docs,yes,yes,partial,yes,yes,PAP-383,planned,P1,Notion's editor shows a reference panel.,https://www.notion.com/help/formula-syntax (accessed 2026-09-19)
FML-004,formulas,Reference another field by name,yes,yes,yes,yes,yes,PAP-382,planned,P1,Name or id binding.,https://support.airtable.com/docs/formula-field-reference (accessed 2026-09-19)
FML-005,formulas,Reference a rollup or lookup inside a formula,yes,yes,no,yes,yes,PAP-383,planned,P1,Dependency graph must order them.,https://baserow.io/user-docs (accessed 2026-09-19)
FML-006,formulas,Ternary and boolean operators,yes,yes,yes,yes,yes,PAP-382,planned,P1,Notion documents ?: and && || !.,https://www.notion.com/help/formula-syntax (accessed 2026-09-19)
FML-007,formulas,List / array functions over linked records,partial,yes,no,yes,partial,PAP-383,planned,P1,Notion map/filter/some/every.,https://www.notion.com/help/formula-syntax (accessed 2026-09-19)
FML-008,formulas,Let bindings / local variables,no,yes,no,no,no,PAP-382,planned,P1,Notion let and lets.,https://www.notion.com/help/formula-syntax (accessed 2026-09-19)
FML-009,formulas,Server-side evaluation compiled to SQL,no,no,no,yes,yes,PAP-384,planned,P1,Baserow and NocoDB push formulas into the database.,https://baserow.io/user-docs (accessed 2026-09-19)
FML-010,formulas,Cache plus background recompute for unsupported functions,no,no,no,partial,no,PAP-384,planned,P1,formula_cache fallback job.,https://baserow.io/user-docs (accessed 2026-09-19)
FML-011,formulas,Formula snapshot survives an engine upgrade,no,no,no,no,no,PAP-993,planned,P1,PaperOS persists the snapshot with an upgrade hook.,https://baserow.io/user-docs (accessed 2026-09-19)
LKP-001,lookups-rollups,Link records across tables,yes,yes,yes,yes,yes,PAP-340,planned,P1,Baserow LinkRowField.,https://gitlab.com/baserow/baserow/-/raw/develop/backend/src/baserow/contrib/database/fields/models.py (accessed 2026-09-19)
LKP-002,lookups-rollups,Two-way (symmetric) relation,yes,yes,yes,yes,yes,PAP-340,planned,P1,Reverse field created automatically.,https://baserow.io/user-docs (accessed 2026-09-19)
LKP-003,lookups-rollups,Create a linked record from the picker,yes,yes,yes,yes,yes,PAP-340,planned,P1,Round-4 amendment: allowCreate.,https://baserow.io/user-docs (accessed 2026-09-19)
LKP-004,lookups-rollups,Filter which records the picker offers,yes,yes,yes,partial,partial,PAP-340,planned,P1,Scoped picker using a FilterTree.,https://baserow.io/user-docs (accessed 2026-09-19)
LKP-005,lookups-rollups,Lookup of a field on the linked record,yes,yes,no,yes,yes,PAP-340,planned,P1,Baserow LookupField.,https://gitlab.com/baserow/baserow/-/raw/develop/backend/src/baserow/contrib/database/fields/models.py (accessed 2026-09-19)
LKP-006,lookups-rollups,Rollup with an aggregate function,yes,yes,no,yes,yes,PAP-340,planned,P1,Baserow RollupField.,https://gitlab.com/baserow/baserow/-/raw/develop/backend/src/baserow/contrib/database/fields/models.py (accessed 2026-09-19)
LKP-007,lookups-rollups,Conditional rollup (filter linked records first),yes,no,no,partial,no,PAP-340,planned,P1,Airtable conditional rollups; round-4 amendment adds filter.,https://baserow.io/user-docs (accessed 2026-09-19)
LKP-008,lookups-rollups,Count field over a relation,yes,partial,no,yes,yes,PAP-340,planned,P1,Baserow CountField.,https://gitlab.com/baserow/baserow/-/raw/develop/backend/src/baserow/contrib/database/fields/models.py (accessed 2026-09-19)
LKP-009,lookups-rollups,Self-referencing relation (parent / child),yes,yes,yes,yes,yes,PAP-633,planned,P2,Drives the deferred tree grid.,https://baserow.io/user-docs (accessed 2026-09-19)
LKP-010,lookups-rollups,Rollup along a hierarchy,no,partial,yes,no,no,PAP-633,planned,P2,Deferred with the tree grid.,https://clickup.com/features/views (accessed 2026-09-19)
SHR-001,sharing,Save a view configuration for everyone,yes,yes,yes,yes,yes,PAP-172,planned,P1,"Collaborative views in Airtable, Baserow and NocoDB. Umbrella owns the feature; children own the slices.",https://support.airtable.com/docs/getting-started-with-airtable-views (accessed 2026-09-19)
SHR-002,sharing,Personal view only its owner can change,paid,yes,yes,yes,yes,PAP-623,planned,P1,Airtable personal views need a paid plan; Baserow personal views doc.,https://support.airtable.com/docs/getting-started-with-airtable-views (accessed 2026-09-19)
SHR-003,sharing,Lock a view against configuration changes,paid,no,yes,yes,yes,PAP-623,planned,P1,Airtable locked views are paid; NocoDB locked views.,https://support.airtable.com/docs/getting-started-with-airtable-views (accessed 2026-09-19)
SHR-004,sharing,Favourite / pin a view,paid,yes,yes,yes,yes,PAP-623,planned,P1,Airtable favourites need a paid plan.,https://support.airtable.com/docs/getting-started-with-airtable-views (accessed 2026-09-19)
SHR-005,sharing,Organise views into sections or folders,paid,no,yes,no,yes,PAP-623,planned,P1,Airtable view sections (paid); NocoDB view folders.,https://nocodb.com/docs/product-docs/views/views-overview (accessed 2026-09-19)
SHR-006,sharing,Per-audience default view,no,no,partial,no,no,PAP-623,planned,P1,PaperOS picks a default per audience.,https://www.notion.com/help/views-filters-and-sorts (accessed 2026-09-19)
SHR-007,sharing,Public read-only link to a view,yes,yes,yes,yes,yes,PAP-624,planned,P1,Baserow share view publicly.,https://baserow.io/user-docs (accessed 2026-09-19)
SHR-008,sharing,Password-protected public link,paid,paid,paid,yes,yes,PAP-624,planned,P1,Baserow and NocoDB support a password on shared views.,https://baserow.io/user-docs (accessed 2026-09-19)
SHR-009,sharing,Expiring public link,paid,no,paid,partial,partial,PAP-624,planned,P1,PaperOS sets expiry on the share token.,https://baserow.io/user-docs (accessed 2026-09-19)
SHR-010,sharing,Embed a view in another site,yes,yes,yes,yes,yes,PAP-624,planned,P1,iframe embed route.,https://baserow.io/user-docs (accessed 2026-09-19)
SHR-011,sharing,Hide specific fields from a shared view,yes,yes,yes,yes,yes,PAP-624,planned,P1,allowed_fields projection server-side.,https://baserow.io/user-docs (accessed 2026-09-19)
SHR-012,sharing,Allow edits through a public link,no,no,no,partial,yes,PAP-624,planned,P1,NocoDB editable shared views; PaperOS keeps this behind a flag.,https://nocodb.com/docs/product-docs/views/views-overview (accessed 2026-09-19)
PRM-001,permissions,Per-table permissions,paid,no,yes,paid,yes,PAP-638,planned,P2,Baserow enterprise role-based permissions.,https://baserow.io/user-docs (accessed 2026-09-19)
PRM-002,permissions,Per-view permissions,paid,no,yes,paid,partial,PAP-623,planned,P0,canEditView on the ViewSpec.,https://baserow.io/user-docs (accessed 2026-09-19)
PRM-003,permissions,Per-field permissions,paid,no,partial,paid,no,PAP-638,planned,P2,Deferred to v0.2 in PaperOS.,https://baserow.io/user-docs (accessed 2026-09-19)
PRM-004,permissions,Per-record (row) permissions,paid,no,yes,paid,no,PAP-34,planned,P0,PaperOS uses RLS from day one.,https://baserow.io/user-docs (accessed 2026-09-19)
PRM-005,permissions,Row-level security enforced in the database,no,no,no,no,partial,PAP-34,planned,P0,Tenant isolation harness in PaperOS.,https://baserow.io/user-docs (accessed 2026-09-19)
PRM-006,permissions,Audience-based visibility rules,no,no,partial,no,no,PAP-55,planned,P0,PaperOS audience model drives defaults and shares.,https://baserow.io/user-docs (accessed 2026-09-19)
PRM-007,permissions,Audit log of who changed what,paid,paid,paid,paid,partial,PAP-38,planned,P0,Baserow audit logs are enterprise.,https://baserow.io/user-docs (accessed 2026-09-19)
PRM-008,permissions,Reason recorded with a privileged change,no,no,no,no,no,PAP-613,planned,P0,PaperOS requires an audit reason on records.* writes.,https://baserow.io/user-docs (accessed 2026-09-19)
PRM-009,permissions,"View permissions can only narrow, never widen",no,no,no,no,no,PAP-161,planned,P0,Stated invariant in the view model.,https://baserow.io/user-docs (accessed 2026-09-19)
PRM-010,permissions,Resource grants shared with identity,no,no,no,no,no,PAP-994,planned,P0,View sharing consumes the identity module's grants.,https://baserow.io/user-docs (accessed 2026-09-19)
IMX-001,import-export,Import CSV into a new table,yes,yes,yes,yes,yes,PAP-200,planned,P1,Column mapping on import.,https://baserow.io/user-docs (accessed 2026-09-19)
IMX-002,import-export,"Import from another vendor (Airtable, Notion)",yes,yes,yes,yes,yes,PAP-199,planned,P1,Migration connectors.,https://baserow.io/user-docs (accessed 2026-09-19)
IMX-003,import-export,Scheduled re-sync of an external source,paid,yes,yes,no,yes,PAP-417,planned,P1,Airtable Sync; suggested to the migration project.,https://baserow.io/user-docs (accessed 2026-09-19)
IMX-004,import-export,Export the current view as CSV,yes,yes,yes,yes,yes,PAP-625,planned,P1,Baserow export a view.,https://baserow.io/user-docs (accessed 2026-09-19)
IMX-005,import-export,Export as XLSX,paid,no,yes,paid,yes,PAP-625,planned,P1,Baserow premium export formats.,https://baserow.io/user-docs (accessed 2026-09-19)
IMX-006,import-export,Export as JSON,no,no,no,paid,yes,PAP-625,planned,P1,NocoDB and Baserow premium.,https://baserow.io/user-docs (accessed 2026-09-19)
IMX-007,import-export,"Export honours filters, sorts and hidden fields",yes,yes,yes,yes,yes,PAP-625,planned,P1,Export runs the same compiled query.,https://baserow.io/user-docs (accessed 2026-09-19)
IMX-008,import-export,Streamed export as a background job,no,no,partial,partial,partial,PAP-625,planned,P1,Large exports run as jobs with a download link.,https://baserow.io/user-docs (accessed 2026-09-19)
IMX-009,import-export,Whole-workspace archive / backup,paid,yes,paid,yes,yes,PAP-205,planned,P1,Baserow database snapshots.,https://baserow.io/user-docs (accessed 2026-09-19)
IMX-010,import-export,Printable view route,yes,yes,yes,partial,partial,PAP-625,planned,P1,/print/v/:id in PaperOS.,https://baserow.io/user-docs (accessed 2026-09-19)
API-001,api-surfaces,REST API for records,yes,yes,yes,yes,yes,PAP-269,planned,P1,All five publish one.,https://baserow.io/user-docs (accessed 2026-09-19)
API-002,api-surfaces,Query a view through the API (filters applied),yes,yes,yes,yes,yes,PAP-337,planned,P1,views.query procedure.,https://baserow.io/user-docs (accessed 2026-09-19)
API-003,api-surfaces,Create / update / archive records through the API,yes,yes,yes,yes,yes,PAP-613,planned,P1,records.* procedures with idempotency.,https://baserow.io/user-docs (accessed 2026-09-19)
API-004,api-surfaces,Schema (metadata) API,yes,yes,yes,yes,yes,PAP-332,planned,P1,Fields and views as data.,https://baserow.io/user-docs (accessed 2026-09-19)
API-005,api-surfaces,Webhooks on record change,yes,yes,yes,yes,yes,PAP-388,planned,P1,Baserow webhooks.,https://baserow.io/user-docs (accessed 2026-09-19)
API-006,api-surfaces,Inbound webhook as an automation trigger,yes,yes,yes,partial,partial,PAP-388,planned,P1,Airtable 'when a webhook is received'.,https://support.airtable.com/docs/automations-overview (accessed 2026-09-19)
API-007,api-surfaces,MCP server exposing views to agents,partial,partial,partial,no,no,PAP-291,planned,P1,Recorded in docs/reference/surfaces.md.,https://baserow.io/user-docs (accessed 2026-09-19)
API-008,api-surfaces,WebMCP actions registry on the page,no,no,no,no,no,PAP-291,planned,P1,Org standard: every page declares its actions.,https://baserow.io/user-docs (accessed 2026-09-19)
API-009,api-surfaces,CLI for views and records,no,no,no,partial,partial,PAP-222,planned,P1,Included in the surfaces doc.,https://baserow.io/user-docs (accessed 2026-09-19)
API-010,api-surfaces,Idempotency keys on writes,no,no,no,no,no,PAP-613,planned,P1,Required for retries and offline replay.,https://baserow.io/user-docs (accessed 2026-09-19)
AUT-001,automations,Trigger: when a record is created,yes,yes,yes,yes,yes,PAP-388,planned,P1,Airtable 'When a record is created'.,https://support.airtable.com/docs/automations-overview (accessed 2026-09-19)
AUT-002,automations,Trigger: when a record is updated,yes,yes,yes,yes,yes,PAP-388,planned,P1,Airtable 'When a record is updated'.,https://support.airtable.com/docs/automations-overview (accessed 2026-09-19)
AUT-003,automations,Trigger: when a record matches a condition,yes,yes,yes,partial,partial,PAP-388,planned,P1,Airtable 'When a record matches conditions'.,https://support.airtable.com/docs/automations-overview (accessed 2026-09-19)
AUT-004,automations,Trigger: when a record enters a view,yes,no,no,no,no,PAP-388,planned,P1,Airtable 'When a record enters a view'.,https://support.airtable.com/docs/automations-overview (accessed 2026-09-19)
AUT-005,automations,Trigger: when a form is submitted,yes,yes,yes,yes,partial,PAP-388,planned,P1,Airtable 'When a form is submitted'.,https://support.airtable.com/docs/automations-overview (accessed 2026-09-19)
AUT-006,automations,Trigger: at a scheduled time,yes,no,yes,partial,partial,PAP-388,planned,P1,Airtable scheduled trigger.,https://support.airtable.com/docs/automations-overview (accessed 2026-09-19)
AUT-007,automations,Trigger: when a webhook is received,yes,no,yes,yes,yes,PAP-388,planned,P1,Airtable inbound webhook trigger.,https://support.airtable.com/docs/automations-overview (accessed 2026-09-19)
AUT-008,automations,Action: create a record,yes,yes,yes,yes,yes,PAP-389,planned,P1,Airtable 'Create record'.,https://support.airtable.com/docs/automations-overview (accessed 2026-09-19)
AUT-009,automations,Action: update a record,yes,yes,yes,yes,yes,PAP-389,planned,P1,Airtable 'Update record'.,https://support.airtable.com/docs/automations-overview (accessed 2026-09-19)
AUT-010,automations,Action: find records and loop,yes,no,partial,no,no,PAP-389,planned,P1,Airtable 'Find records'.,https://support.airtable.com/docs/automations-overview (accessed 2026-09-19)
AUT-011,automations,Action: send an email,yes,no,yes,yes,partial,PAP-389,planned,P1,Airtable 'Send an email'.,https://support.airtable.com/docs/automations-overview (accessed 2026-09-19)
AUT-012,automations,Action: outbound webhook / connector call,yes,yes,yes,yes,yes,PAP-389,planned,P1,connector.call with scope classes.,https://support.airtable.com/docs/automations-overview (accessed 2026-09-19)
AUT-013,automations,Action: run a script,paid,no,no,no,partial,PAP-389,planned,P1,Airtable 'Run a script'; PaperOS uses agent.run instead.,https://support.airtable.com/docs/automations-overview (accessed 2026-09-19)
AUT-014,automations,Action: delay / wait,no,no,yes,no,no,PAP-389,planned,P1,Delay step in the catalogue.,https://support.airtable.com/docs/automations-overview (accessed 2026-09-19)
AUT-015,automations,Conditional branch inside a run,yes,yes,yes,no,no,PAP-389,planned,P1,Branch step with FilterTree conditions.,https://support.airtable.com/docs/automations-overview (accessed 2026-09-19)
AUT-016,automations,"Run log with inputs, outputs and replay",yes,yes,yes,yes,partial,PAP-390,planned,P1,Airtable run history.,https://support.airtable.com/docs/automations-overview (accessed 2026-09-19)
AUT-017,automations,Loop guard and run quotas,yes,yes,yes,partial,partial,PAP-174,planned,P1,Airtable caps runs per month and 25 actions per automation. Umbrella owns the feature; children own the slices.,https://support.airtable.com/docs/automations-overview (accessed 2026-09-19)
HIS-001,record-history-trash,Per-record change history,yes,yes,yes,yes,yes,PAP-333,planned,P1,Baserow row change history.,https://baserow.io/user-docs (accessed 2026-09-19)
HIS-002,record-history-trash,Per-field change history,yes,yes,partial,yes,partial,PAP-333,planned,P1,Cell-level history.,https://baserow.io/user-docs (accessed 2026-09-19)
HIS-003,record-history-trash,Restore a previous field value,yes,yes,no,yes,partial,PAP-333,planned,P1,Undo from history.,https://baserow.io/user-docs (accessed 2026-09-19)
HIS-004,record-history-trash,Snapshot / restore a whole base,paid,yes,paid,yes,partial,PAP-205,planned,P1,Baserow database snapshots.,https://baserow.io/user-docs (accessed 2026-09-19)
HIS-005,record-history-trash,Trash with restore,yes,yes,yes,yes,yes,PAP-334,planned,P1,Baserow delete and recover data.,https://baserow.io/user-docs (accessed 2026-09-19)
HIS-006,record-history-trash,Restore a deleted field with its data,yes,no,no,yes,partial,PAP-334,planned,P1,Soft-deleted columns.,https://baserow.io/user-docs (accessed 2026-09-19)
HIS-007,record-history-trash,Undo toast immediately after a destructive action,yes,yes,yes,partial,partial,PAP-334,planned,P1,Shortest path back.,https://baserow.io/user-docs (accessed 2026-09-19)
HIS-008,record-history-trash,History entries carry the actor and the reason,partial,partial,partial,yes,partial,PAP-38,planned,P1,Audit reason required in PaperOS.,https://baserow.io/user-docs (accessed 2026-09-19)
SCH-001,schema-editing,Create a table in-app,yes,yes,yes,yes,yes,PAP-332,planned,P0,Schema editor.,https://baserow.io/user-docs (accessed 2026-09-19)
SCH-002,schema-editing,Create a field in-app,yes,yes,yes,yes,yes,PAP-332,planned,P0,Baserow create fields.,https://baserow.io/user-docs (accessed 2026-09-19)
SCH-003,schema-editing,Delete a table with restore,yes,yes,yes,yes,yes,PAP-334,planned,P0,Trash covers tables.,https://baserow.io/user-docs (accessed 2026-09-19)
SCH-004,schema-editing,Convert a field type with a backfill job,yes,yes,partial,yes,yes,PAP-340,planned,P0,Background backfill in PaperOS.,https://baserow.io/user-docs (accessed 2026-09-19)
SCH-005,schema-editing,Warn before a lossy conversion,partial,partial,no,partial,partial,PAP-340,planned,P0,Explicit lossiness report in PaperOS.,https://baserow.io/user-docs (accessed 2026-09-19)
SCH-006,schema-editing,Schema defined in code as well as in the UI,no,no,no,no,partial,PAP-991,planned,P0,defineEntity() registers code-owned datasets.,https://baserow.io/user-docs (accessed 2026-09-19)
SCH-007,schema-editing,Field and table limits documented,yes,yes,yes,yes,yes,PAP-161,planned,P0,PaperOS caps 500 fields and 100 KB per row.,https://baserow.io/user-docs (accessed 2026-09-19)
SCH-008,schema-editing,Schema change emits a domain event,no,no,no,yes,partial,PAP-555,planned,P0,Baserow webhooks cover some schema events.,https://baserow.io/user-docs (accessed 2026-09-19)
CLB-001,collaboration,Comments on a record,yes,yes,yes,yes,yes,PAP-131,planned,P1,Baserow comments and mentions.,https://baserow.io/user-docs (accessed 2026-09-19)
CLB-002,collaboration,Comment on a specific cell,no,no,no,no,no,gap,wontdo,P2,Declined for v0.1: needs a cell anchor grammar in the collab module.,https://baserow.io/user-docs (accessed 2026-09-19)
CLB-003,collaboration,Live updates without a refresh,yes,yes,yes,yes,yes,PAP-336,planned,P1,Electric shapes in PaperOS.,https://baserow.io/user-docs (accessed 2026-09-19)
CLB-004,collaboration,Presence: who is viewing this view,yes,yes,yes,partial,partial,PAP-141,planned,P1,Avatar stack on the view header.,https://baserow.io/user-docs (accessed 2026-09-19)
CLB-005,collaboration,Cell-level presence / cursors,yes,no,no,no,no,PAP-143,planned,P1,Suggested to the realtime project.,https://baserow.io/user-docs (accessed 2026-09-19)
CLB-006,collaboration,Concurrent edit conflict handling,yes,yes,yes,partial,partial,PAP-992,planned,P1,ConflictBoundary mounted by grid and record pages.,https://baserow.io/user-docs (accessed 2026-09-19)
CLB-007,collaboration,In-product annotation and bug filing by testers,no,no,no,no,no,PAP-79,planned,P1,Org standard: annotate the product itself.,https://baserow.io/user-docs (accessed 2026-09-19)
CLB-008,collaboration,Share a deep link to a specific record and field,yes,yes,yes,partial,partial,PAP-333,planned,P1,Deep link with focus.,https://baserow.io/user-docs (accessed 2026-09-19)
SRC-001,search,Search within the current view,yes,yes,yes,yes,yes,PAP-618,planned,P1,SearchBox in the toolbar.,https://nocodb.com/docs/product-docs/views/views-overview (accessed 2026-09-19)
SRC-002,search,Highlight matches in the grid,yes,yes,yes,yes,yes,PAP-629,planned,P1,Match navigation.,https://baserow.io/user-docs (accessed 2026-09-19)
SRC-003,search,Jump between matches,yes,no,yes,yes,partial,PAP-629,planned,P1,Next / previous match.,https://baserow.io/user-docs (accessed 2026-09-19)
SRC-004,search,Find and replace within a view,yes,no,no,no,no,PAP-629,planned,P1,Airtable ships find and replace.,https://baserow.io/user-docs (accessed 2026-09-19)
SRC-005,search,Cross-dataset global search,yes,yes,yes,yes,yes,PAP-207,planned,P1,Owned by the search project.,https://baserow.io/user-docs (accessed 2026-09-19)
MOB-001,mobile-offline,Usable grid at 360 px width,partial,partial,partial,partial,partial,PAP-165,planned,P1,Org standard: 360 to 3840 px. Umbrella owns the feature; children own the slices.,https://baserow.io/user-docs (accessed 2026-09-19)
MOB-002,mobile-offline,Native mobile app,yes,yes,yes,no,no,gap,wontdo,P2,Declined for v0.1: PaperOS ships responsive web first.,https://baserow.io/user-docs (accessed 2026-09-19)
MOB-003,mobile-offline,Offline read of a cached view,yes,yes,yes,no,no,PAP-272,planned,P1,Local-first sync layer.,https://baserow.io/user-docs (accessed 2026-09-19)
MOB-004,mobile-offline,Offline edits queued and replayed,yes,partial,partial,no,no,PAP-272,planned,P1,Requires idempotency keys.,https://baserow.io/user-docs (accessed 2026-09-19)
MOB-005,mobile-offline,Conflict resolution UX after reconnect,partial,partial,partial,no,no,PAP-992,planned,P1,ConflictBoundary.,https://baserow.io/user-docs (accessed 2026-09-19)
MOB-006,mobile-offline,uuidv7 ids and updated_at on every row,no,no,no,partial,partial,PAP-161,planned,P1,Multiplayer-ready data from day one.,https://baserow.io/user-docs (accessed 2026-09-19)
A11-001,accessibility-i18n,role=grid semantics with row/column announcements,partial,partial,partial,partial,partial,PAP-152,planned,P1,No vendor documents full grid semantics.,https://baserow.io/user-docs (accessed 2026-09-19)
A11-002,accessibility-i18n,Keyboard reachable for every action,partial,partial,partial,partial,partial,PAP-152,planned,P1,Org standard: nothing hover-only or drag-only.,https://baserow.io/user-docs (accessed 2026-09-19)
A11-003,accessibility-i18n,Screen-reader announcement on filter and sort change,no,no,no,no,no,PAP-152,planned,P1,Live region on the toolbar.,https://baserow.io/user-docs (accessed 2026-09-19)
A11-004,accessibility-i18n,Colour is never the only signal,partial,partial,partial,partial,partial,PAP-626,planned,P1,Conditional formatting adds an icon or label.,https://baserow.io/user-docs (accessed 2026-09-19)
A11-005,accessibility-i18n,UI language toggle (English / Spanish),yes,yes,yes,yes,yes,PAP-64,planned,P1,Org standard: no hard-coded UI strings.,https://baserow.io/user-docs (accessed 2026-09-19)
A11-006,accessibility-i18n,RTL layout for grids,partial,yes,partial,partial,partial,PAP-341,planned,P1,Round-4 amendment covers RTL frozen columns.,https://baserow.io/user-docs (accessed 2026-09-19)
PRF-001,performance-limits,100k rows in one view without pagination stalls,partial,partial,partial,yes,yes,PAP-337,planned,P0,PaperOS benches 100k rows.,https://baserow.io/user-docs (accessed 2026-09-19)
PRF-002,performance-limits,Server-side pagination for large views,yes,yes,yes,yes,yes,PAP-335,planned,P0,Keyset cursors in PaperOS.,https://baserow.io/user-docs (accessed 2026-09-19)
PRF-003,performance-limits,p95 latency budget published for view queries,no,no,no,no,no,PAP-242,planned,P0,Added to the performance budgets.,https://baserow.io/user-docs (accessed 2026-09-19)
PRF-004,performance-limits,Indexes created for filtered and sorted fields,no,no,no,yes,yes,PAP-337,planned,P0,Baserow field indexes.,https://baserow.io/user-docs (accessed 2026-09-19)
PRF-005,performance-limits,Conformance suite a swapped implementation must pass,no,no,no,no,no,PAP-486,planned,P0,Module system requirement.,https://baserow.io/user-docs (accessed 2026-09-19)
PRF-006,performance-limits,Contract package other modules import,no,no,no,no,no,PAP-483,planned,P0,@paperos/contract-tables v0.1.,https://baserow.io/user-docs (accessed 2026-09-19)
PRF-007,performance-limits,Module registered behind a registry with a feature flag,no,no,no,no,no,PAP-489,planned,P0,Swap playbook.,https://baserow.io/user-docs (accessed 2026-09-19)
PRF-008,performance-limits,Demo route per view kind with a deterministic seed,no,no,no,no,no,PAP-615,planned,P0,Cold-session onboarding.,https://baserow.io/user-docs (accessed 2026-09-19)
PRF-009,performance-limits,Written extension guide for adding a kind or type,no,no,no,partial,partial,PAP-631,planned,P0,Baserow and NocoDB have developer docs.,https://baserow.io/user-docs (accessed 2026-09-19)
PRF-010,performance-limits,Parity tracking kept current as a checked artefact,no,no,no,no,no,PAP-162,in_progress,P0,"This checklist, validated in CI.",https://baserow.io/user-docs (accessed 2026-09-19)
BLK-008,bulk-edit,Find duplicate records and merge them,paid,no,no,no,no,PAP-632,planned,P2,Airtable Dedupe extension; deferred to v0.2 in PaperOS.,https://support.airtable.com/docs/getting-started-with-airtable-views (accessed 2026-09-19)
SHR-013,sharing,Email or post a view export on a schedule,paid,no,yes,no,no,PAP-639,planned,P2,ClickUp scheduled dashboard emails; deferred to v0.2.,https://clickup.com/features/views (accessed 2026-09-19)
